{
  "importance_type": "gain",
  "feature_names": [
    "p_avg_velo",
    "p_swstr_pct",
    "p_csw_pct",
    "p_zone_pct",
    "p_k_pct",
    "p_bb_pct",
    "p_gb_rate",
    "p_fb_rate",
    "p_ld_rate",
    "p_pct_fastball",
    "p_pct_slider",
    "p_pct_curve",
    "p_pct_change",
    "p_pct_cutter",
    "p_whiff_fastball",
    "p_whiff_slider",
    "p_whiff_curve",
    "p_whiff_change",
    "p_whiff_cutter",
    "b_k_pct",
    "b_bb_pct",
    "b_xba",
    "b_xslg",
    "b_barrel_pct",
    "b_chase_rate",
    "b_whiff_pct",
    "b_avg_ev",
    "b_hard_hit_pct",
    "platoon_same",
    "platoon_opposite",
    "p_throws_L",
    "b_stands_L",
    "park_factor_hr",
    "park_factor_hit",
    "temp_f",
    "wind_mph",
    "wind_out",
    "umpire_k_delta",
    "umpire_bb_delta",
    "inning",
    "score_diff"
  ],
  "gain": [
    311884.9401651174,
    280883.5613375008,
    280627.8882225603,
    321887.1204979569,
    318202.234272331,
    391443.44034683704,
    264186.7022088468,
    290860.44415012,
    315334.0444101095,
    292259.87650355697,
    261250.0930690691,
    214803.4249562025,
    282534.6529702991,
    146898.7833929658,
    283102.43542446196,
    279131.46961310506,
    223752.24795770645,
    269531.6512168944,
    163934.03848612309,
    512733.52952872217,
    530695.0092683844,
    437159.1524398476,
    395428.7102894187,
    496188.63317417353,
    445946.7130444646,
    420959.6635914147,
    403339.9845861085,
    388655.9023953825,
    69646.66009664536,
    9588.2182867527,
    21062.057144761086,
    51478.05102956295,
    0.0,
    0.0,
    0.0,
    0.0,
    0.0,
    0.0,
    0.0,
    207884.6672705263,
    284154.2034711838
  ],
  "gain_normalized": [
    0.031608,
    0.028466,
    0.02844,
    0.032621,
    0.032248,
    0.03967,
    0.026774,
    0.029477,
    0.031957,
    0.029619,
    0.026476,
    0.021769,
    0.028633,
    0.014887,
    0.028691,
    0.028288,
    0.022676,
    0.027315,
    0.016614,
    0.051962,
    0.053782,
    0.044303,
    0.040074,
    0.050285,
    0.045194,
    0.042662,
    0.040876,
    0.039388,
    0.007058,
    0.000972,
    0.002135,
    0.005217,
    0.0,
    0.0,
    0.0,
    0.0,
    0.0,
    0.0,
    0.0,
    0.021068,
    0.028797
  ],
  "split_count": [
    12862,
    10994,
    11343,
    13239,
    11392,
    13319,
    11006,
    11274,
    13136,
    12592,
    10660,
    8457,
    11026,
    5836,
    11962,
    11567,
    8925,
    10979,
    6819,
    18848,
    19081,
    18286,
    15018,
    15825,
    19011,
    17938,
    16877,
    16031,
    1834,
    402,
    821,
    1336,
    0,
    0,
    0,
    0,
    0,
    0,
    0,
    9573,
    13476
  ],
  "ranked": [
    {
      "feature": "b_bb_pct",
      "gain": 530695.0092683844,
      "gain_normalized": 0.053782,
      "split_count": 19081
    },
    {
      "feature": "b_k_pct",
      "gain": 512733.52952872217,
      "gain_normalized": 0.051962,
      "split_count": 18848
    },
    {
      "feature": "b_barrel_pct",
      "gain": 496188.63317417353,
      "gain_normalized": 0.050285,
      "split_count": 15825
    },
    {
      "feature": "b_chase_rate",
      "gain": 445946.7130444646,
      "gain_normalized": 0.045194,
      "split_count": 19011
    },
    {
      "feature": "b_xba",
      "gain": 437159.1524398476,
      "gain_normalized": 0.044303,
      "split_count": 18286
    },
    {
      "feature": "b_whiff_pct",
      "gain": 420959.6635914147,
      "gain_normalized": 0.042662,
      "split_count": 17938
    },
    {
      "feature": "b_avg_ev",
      "gain": 403339.9845861085,
      "gain_normalized": 0.040876,
      "split_count": 16877
    },
    {
      "feature": "b_xslg",
      "gain": 395428.7102894187,
      "gain_normalized": 0.040074,
      "split_count": 15018
    },
    {
      "feature": "p_bb_pct",
      "gain": 391443.44034683704,
      "gain_normalized": 0.03967,
      "split_count": 13319
    },
    {
      "feature": "b_hard_hit_pct",
      "gain": 388655.9023953825,
      "gain_normalized": 0.039388,
      "split_count": 16031
    },
    {
      "feature": "p_zone_pct",
      "gain": 321887.1204979569,
      "gain_normalized": 0.032621,
      "split_count": 13239
    },
    {
      "feature": "p_k_pct",
      "gain": 318202.234272331,
      "gain_normalized": 0.032248,
      "split_count": 11392
    },
    {
      "feature": "p_ld_rate",
      "gain": 315334.0444101095,
      "gain_normalized": 0.031957,
      "split_count": 13136
    },
    {
      "feature": "p_avg_velo",
      "gain": 311884.9401651174,
      "gain_normalized": 0.031608,
      "split_count": 12862
    },
    {
      "feature": "p_pct_fastball",
      "gain": 292259.87650355697,
      "gain_normalized": 0.029619,
      "split_count": 12592
    },
    {
      "feature": "p_fb_rate",
      "gain": 290860.44415012,
      "gain_normalized": 0.029477,
      "split_count": 11274
    },
    {
      "feature": "score_diff",
      "gain": 284154.2034711838,
      "gain_normalized": 0.028797,
      "split_count": 13476
    },
    {
      "feature": "p_whiff_fastball",
      "gain": 283102.43542446196,
      "gain_normalized": 0.028691,
      "split_count": 11962
    },
    {
      "feature": "p_pct_change",
      "gain": 282534.6529702991,
      "gain_normalized": 0.028633,
      "split_count": 11026
    },
    {
      "feature": "p_swstr_pct",
      "gain": 280883.5613375008,
      "gain_normalized": 0.028466,
      "split_count": 10994
    },
    {
      "feature": "p_csw_pct",
      "gain": 280627.8882225603,
      "gain_normalized": 0.02844,
      "split_count": 11343
    },
    {
      "feature": "p_whiff_slider",
      "gain": 279131.46961310506,
      "gain_normalized": 0.028288,
      "split_count": 11567
    },
    {
      "feature": "p_whiff_change",
      "gain": 269531.6512168944,
      "gain_normalized": 0.027315,
      "split_count": 10979
    },
    {
      "feature": "p_gb_rate",
      "gain": 264186.7022088468,
      "gain_normalized": 0.026774,
      "split_count": 11006
    },
    {
      "feature": "p_pct_slider",
      "gain": 261250.0930690691,
      "gain_normalized": 0.026476,
      "split_count": 10660
    },
    {
      "feature": "p_whiff_curve",
      "gain": 223752.24795770645,
      "gain_normalized": 0.022676,
      "split_count": 8925
    },
    {
      "feature": "p_pct_curve",
      "gain": 214803.4249562025,
      "gain_normalized": 0.021769,
      "split_count": 8457
    },
    {
      "feature": "inning",
      "gain": 207884.6672705263,
      "gain_normalized": 0.021068,
      "split_count": 9573
    },
    {
      "feature": "p_whiff_cutter",
      "gain": 163934.03848612309,
      "gain_normalized": 0.016614,
      "split_count": 6819
    },
    {
      "feature": "p_pct_cutter",
      "gain": 146898.7833929658,
      "gain_normalized": 0.014887,
      "split_count": 5836
    },
    {
      "feature": "platoon_same",
      "gain": 69646.66009664536,
      "gain_normalized": 0.007058,
      "split_count": 1834
    },
    {
      "feature": "b_stands_L",
      "gain": 51478.05102956295,
      "gain_normalized": 0.005217,
      "split_count": 1336
    },
    {
      "feature": "p_throws_L",
      "gain": 21062.057144761086,
      "gain_normalized": 0.002135,
      "split_count": 821
    },
    {
      "feature": "platoon_opposite",
      "gain": 9588.2182867527,
      "gain_normalized": 0.000972,
      "split_count": 402
    },
    {
      "feature": "park_factor_hr",
      "gain": 0.0,
      "gain_normalized": 0.0,
      "split_count": 0
    },
    {
      "feature": "park_factor_hit",
      "gain": 0.0,
      "gain_normalized": 0.0,
      "split_count": 0
    },
    {
      "feature": "temp_f",
      "gain": 0.0,
      "gain_normalized": 0.0,
      "split_count": 0
    },
    {
      "feature": "wind_mph",
      "gain": 0.0,
      "gain_normalized": 0.0,
      "split_count": 0
    },
    {
      "feature": "wind_out",
      "gain": 0.0,
      "gain_normalized": 0.0,